subject,file,link,lineno,NBC,experience-based,statistics-based,tuning machine,smell
faceswap,/Users/joaocorreia/PycharmProjects/Pysmell/pysmell/subjects/faceswap/tools/sort/cli.py,https://github.com/deepfakes/faceswap/blame/master/tools/sort/cli.py#L9,9,1,0,0,0,False
faceswap,/Users/joaocorreia/PycharmProjects/Pysmell/pysmell/subjects/faceswap/tools/mask/cli.py,https://github.com/deepfakes/faceswap/blame/master/tools/mask/cli.py#L10,10,1,0,0,0,False
faceswap,/Users/joaocorreia/PycharmProjects/Pysmell/pysmell/subjects/faceswap/tools/effmpeg/cli.py,https://github.com/deepfakes/faceswap/blame/master/tools/effmpeg/cli.py#L10,10,1,0,0,0,False
faceswap,/Users/joaocorreia/PycharmProjects/Pysmell/pysmell/subjects/faceswap/tools/manual/cli.py,https://github.com/deepfakes/faceswap/blame/master/tools/manual/cli.py#L9,9,1,0,0,0,False
faceswap,/Users/joaocorreia/PycharmProjects/Pysmell/pysmell/subjects/faceswap/tools/manual/frameviewer/editor/_base.py,https://github.com/deepfakes/faceswap/blame/master/tools/manual/frameviewer/editor/_base.py#L602,602,1,0,0,0,False
faceswap,/Users/joaocorreia/PycharmProjects/Pysmell/pysmell/subjects/faceswap/tools/preview/cli.py,https://github.com/deepfakes/faceswap/blame/master/tools/preview/cli.py#L9,9,1,0,0,0,False
faceswap,/Users/joaocorreia/PycharmProjects/Pysmell/pysmell/subjects/faceswap/tools/alignments/media.py,https://github.com/deepfakes/faceswap/blame/master/tools/alignments/media.py#L26,26,1,0,0,0,False
faceswap,/Users/joaocorreia/PycharmProjects/Pysmell/pysmell/subjects/faceswap/tools/alignments/media.py,https://github.com/deepfakes/faceswap/blame/master/tools/alignments/media.py#L238,238,1,0,0,0,False
faceswap,/Users/joaocorreia/PycharmProjects/Pysmell/pysmell/subjects/faceswap/tools/alignments/media.py,https://github.com/deepfakes/faceswap/blame/master/tools/alignments/media.py#L277,277,1,0,0,0,False
faceswap,/Users/joaocorreia/PycharmProjects/Pysmell/pysmell/subjects/faceswap/tools/alignments/cli.py,https://github.com/deepfakes/faceswap/blame/master/tools/alignments/cli.py#L9,9,1,0,0,0,False
faceswap,/Users/joaocorreia/PycharmProjects/Pysmell/pysmell/subjects/faceswap/tools/restore/cli.py,https://github.com/deepfakes/faceswap/blame/master/tools/restore/cli.py#L9,9,1,0,0,0,False
faceswap,/Users/joaocorreia/PycharmProjects/Pysmell/pysmell/subjects/faceswap/plugins/train/_config.py,https://github.com/deepfakes/faceswap/blame/master/plugins/train/_config.py#L20,20,1,0,0,0,False
faceswap,/Users/joaocorreia/PycharmProjects/Pysmell/pysmell/subjects/faceswap/plugins/train/model/unbalanced.py,https://github.com/deepfakes/faceswap/blame/master/plugins/train/model/unbalanced.py#L13,13,1,0,0,0,False
faceswap,/Users/joaocorreia/PycharmProjects/Pysmell/pysmell/subjects/faceswap/plugins/train/model/villain.py,https://github.com/deepfakes/faceswap/blame/master/plugins/train/model/villain.py#L15,15,1,0,0,0,False
faceswap,/Users/joaocorreia/PycharmProjects/Pysmell/pysmell/subjects/faceswap/plugins/train/model/dlight.py,https://github.com/deepfakes/faceswap/blame/master/plugins/train/model/dlight.py#L21,21,1,0,0,0,False
faceswap,/Users/joaocorreia/PycharmProjects/Pysmell/pysmell/subjects/faceswap/plugins/train/model/dfl_h128.py,https://github.com/deepfakes/faceswap/blame/master/plugins/train/model/dfl_h128.py#L12,12,1,0,0,0,False
faceswap,/Users/joaocorreia/PycharmProjects/Pysmell/pysmell/subjects/faceswap/plugins/train/model/lightweight.py,https://github.com/deepfakes/faceswap/blame/master/plugins/train/model/lightweight.py#L13,13,1,0,0,0,False
faceswap,/Users/joaocorreia/PycharmProjects/Pysmell/pysmell/subjects/faceswap/plugins/train/model/dfaker.py,https://github.com/deepfakes/faceswap/blame/master/plugins/train/model/dfaker.py#L13,13,1,0,0,0,False
faceswap,/Users/joaocorreia/PycharmProjects/Pysmell/pysmell/subjects/faceswap/plugins/train/model/iae.py,https://github.com/deepfakes/faceswap/blame/master/plugins/train/model/iae.py#L10,10,1,0,0,0,False
faceswap,/Users/joaocorreia/PycharmProjects/Pysmell/pysmell/subjects/faceswap/plugins/train/model/original.py,https://github.com/deepfakes/faceswap/blame/master/plugins/train/model/original.py#L14,14,1,0,0,0,False
faceswap,/Users/joaocorreia/PycharmProjects/Pysmell/pysmell/subjects/faceswap/plugins/train/model/realface.py,https://github.com/deepfakes/faceswap/blame/master/plugins/train/model/realface.py#L20,20,1,0,0,0,False
faceswap,/Users/joaocorreia/PycharmProjects/Pysmell/pysmell/subjects/faceswap/plugins/train/model/dfl_sae.py,https://github.com/deepfakes/faceswap/blame/master/plugins/train/model/dfl_sae.py#L15,15,1,0,0,0,False
faceswap,/Users/joaocorreia/PycharmProjects/Pysmell/pysmell/subjects/faceswap/plugins/train/trainer/original.py,https://github.com/deepfakes/faceswap/blame/master/plugins/train/trainer/original.py#L7,7,1,0,0,0,False
faceswap,/Users/joaocorreia/PycharmProjects/Pysmell/pysmell/subjects/faceswap/plugins/extract/_config.py,https://github.com/deepfakes/faceswap/blame/master/plugins/extract/_config.py#L15,15,1,0,0,0,False
faceswap,/Users/joaocorreia/PycharmProjects/Pysmell/pysmell/subjects/faceswap/plugins/extract/detect/_base.py,https://github.com/deepfakes/faceswap/blame/master/plugins/extract/detect/_base.py#L26,26,1,0,0,0,False
faceswap,/Users/joaocorreia/PycharmProjects/Pysmell/pysmell/subjects/faceswap/plugins/extract/detect/cv2_dnn.py,https://github.com/deepfakes/faceswap/blame/master/plugins/extract/detect/cv2_dnn.py#L9,9,1,0,0,0,False
faceswap,/Users/joaocorreia/PycharmProjects/Pysmell/pysmell/subjects/faceswap/plugins/extract/detect/s3fd.py,https://github.com/deepfakes/faceswap/blame/master/plugins/extract/detect/s3fd.py#L18,18,1,0,0,0,False
faceswap,/Users/joaocorreia/PycharmProjects/Pysmell/pysmell/subjects/faceswap/plugins/extract/detect/s3fd.py,https://github.com/deepfakes/faceswap/blame/master/plugins/extract/detect/s3fd.py#L68,68,1,0,0,0,False
faceswap,/Users/joaocorreia/PycharmProjects/Pysmell/pysmell/subjects/faceswap/plugins/extract/detect/s3fd.py,https://github.com/deepfakes/faceswap/blame/master/plugins/extract/detect/s3fd.py#L116,116,1,0,0,0,False
faceswap,/Users/joaocorreia/PycharmProjects/Pysmell/pysmell/subjects/faceswap/plugins/extract/detect/s3fd.py,https://github.com/deepfakes/faceswap/blame/master/plugins/extract/detect/s3fd.py#L135,135,1,0,0,0,False
faceswap,/Users/joaocorreia/PycharmProjects/Pysmell/pysmell/subjects/faceswap/plugins/extract/detect/s3fd.py,https://github.com/deepfakes/faceswap/blame/master/plugins/extract/detect/s3fd.py#L241,241,1,0,0,0,False
faceswap,/Users/joaocorreia/PycharmProjects/Pysmell/pysmell/subjects/faceswap/plugins/extract/detect/s3fd.py,https://github.com/deepfakes/faceswap/blame/master/plugins/extract/detect/s3fd.py#L313,313,1,0,0,0,False
faceswap,/Users/joaocorreia/PycharmProjects/Pysmell/pysmell/subjects/faceswap/plugins/extract/detect/s3fd.py,https://github.com/deepfakes/faceswap/blame/master/plugins/extract/detect/s3fd.py#L332,332,1,0,0,0,False
faceswap,/Users/joaocorreia/PycharmProjects/Pysmell/pysmell/subjects/faceswap/plugins/extract/detect/s3fd.py,https://github.com/deepfakes/faceswap/blame/master/plugins/extract/detect/s3fd.py#L351,351,1,0,0,0,False
faceswap,/Users/joaocorreia/PycharmProjects/Pysmell/pysmell/subjects/faceswap/plugins/extract/detect/s3fd.py,https://github.com/deepfakes/faceswap/blame/master/plugins/extract/detect/s3fd.py#L370,370,1,0,0,0,False
faceswap,/Users/joaocorreia/PycharmProjects/Pysmell/pysmell/subjects/faceswap/plugins/extract/detect/s3fd.py,https://github.com/deepfakes/faceswap/blame/master/plugins/extract/detect/s3fd.py#L434,434,1,0,0,0,False
faceswap,/Users/joaocorreia/PycharmProjects/Pysmell/pysmell/subjects/faceswap/plugins/extract/detect/s3fd.py,https://github.com/deepfakes/faceswap/blame/master/plugins/extract/detect/s3fd.py#L453,453,1,0,0,0,False
faceswap,/Users/joaocorreia/PycharmProjects/Pysmell/pysmell/subjects/faceswap/plugins/extract/detect/mtcnn.py,https://github.com/deepfakes/faceswap/blame/master/plugins/extract/detect/mtcnn.py#L14,14,1,0,0,0,False
faceswap,/Users/joaocorreia/PycharmProjects/Pysmell/pysmell/subjects/faceswap/plugins/extract/detect/mtcnn.py,https://github.com/deepfakes/faceswap/blame/master/plugins/extract/detect/mtcnn.py#L109,109,1,0,0,0,False
faceswap,/Users/joaocorreia/PycharmProjects/Pysmell/pysmell/subjects/faceswap/plugins/extract/detect/mtcnn.py,https://github.com/deepfakes/faceswap/blame/master/plugins/extract/detect/mtcnn.py#L135,135,1,0,0,0,False
faceswap,/Users/joaocorreia/PycharmProjects/Pysmell/pysmell/subjects/faceswap/plugins/extract/detect/mtcnn.py,https://github.com/deepfakes/faceswap/blame/master/plugins/extract/detect/mtcnn.py#L168,168,1,0,0,0,False
faceswap,/Users/joaocorreia/PycharmProjects/Pysmell/pysmell/subjects/faceswap/plugins/extract/align/_base.py,https://github.com/deepfakes/faceswap/blame/master/plugins/extract/align/_base.py#L23,23,1,0,0,0,False
faceswap,/Users/joaocorreia/PycharmProjects/Pysmell/pysmell/subjects/faceswap/plugins/extract/align/cv2_dnn.py,https://github.com/deepfakes/faceswap/blame/master/plugins/extract/align/cv2_dnn.py#L33,33,1,0,0,0,False
faceswap,/Users/joaocorreia/PycharmProjects/Pysmell/pysmell/subjects/faceswap/plugins/extract/align/fan.py,https://github.com/deepfakes/faceswap/blame/master/plugins/extract/align/fan.py#L13,13,1,0,0,0,False
faceswap,/Users/joaocorreia/PycharmProjects/Pysmell/pysmell/subjects/faceswap/plugins/extract/mask/_base.py,https://github.com/deepfakes/faceswap/blame/master/plugins/extract/mask/_base.py#L22,22,1,0,0,0,False
faceswap,/Users/joaocorreia/PycharmProjects/Pysmell/pysmell/subjects/faceswap/plugins/extract/mask/vgg_obstructed.py,https://github.com/deepfakes/faceswap/blame/master/plugins/extract/mask/vgg_obstructed.py#L12,12,1,0,0,0,False
faceswap,/Users/joaocorreia/PycharmProjects/Pysmell/pysmell/subjects/faceswap/plugins/extract/mask/vgg_obstructed.py,https://github.com/deepfakes/faceswap/blame/master/plugins/extract/mask/vgg_obstructed.py#L52,52,1,0,0,0,False
faceswap,/Users/joaocorreia/PycharmProjects/Pysmell/pysmell/subjects/faceswap/plugins/extract/mask/unet_dfl.py,https://github.com/deepfakes/faceswap/blame/master/plugins/extract/mask/unet_dfl.py#L21,21,1,0,0,0,False
faceswap,/Users/joaocorreia/PycharmProjects/Pysmell/pysmell/subjects/faceswap/plugins/extract/mask/extended.py,https://github.com/deepfakes/faceswap/blame/master/plugins/extract/mask/extended.py#L9,9,1,0,0,0,False
faceswap,/Users/joaocorreia/PycharmProjects/Pysmell/pysmell/subjects/faceswap/plugins/extract/mask/vgg_clear.py,https://github.com/deepfakes/faceswap/blame/master/plugins/extract/mask/vgg_clear.py#L12,12,1,0,0,0,False
faceswap,/Users/joaocorreia/PycharmProjects/Pysmell/pysmell/subjects/faceswap/plugins/extract/mask/vgg_clear.py,https://github.com/deepfakes/faceswap/blame/master/plugins/extract/mask/vgg_clear.py#L53,53,1,0,0,0,False
faceswap,/Users/joaocorreia/PycharmProjects/Pysmell/pysmell/subjects/faceswap/plugins/extract/mask/components.py,https://github.com/deepfakes/faceswap/blame/master/plugins/extract/mask/components.py#L9,9,1,0,0,0,False
faceswap,/Users/joaocorreia/PycharmProjects/Pysmell/pysmell/subjects/faceswap/plugins/extract/recognition/vgg_face2_keras.py,https://github.com/deepfakes/faceswap/blame/master/plugins/extract/recognition/vgg_face2_keras.py#L19,19,1,0,0,0,False
faceswap,/Users/joaocorreia/PycharmProjects/Pysmell/pysmell/subjects/faceswap/plugins/convert/_config.py,https://github.com/deepfakes/faceswap/blame/master/plugins/convert/_config.py#L16,16,1,0,0,0,False
faceswap,/Users/joaocorreia/PycharmProjects/Pysmell/pysmell/subjects/faceswap/plugins/convert/color/seamless_clone.py,https://github.com/deepfakes/faceswap/blame/master/plugins/convert/color/seamless_clone.py#L13,13,1,0,0,0,False
faceswap,/Users/joaocorreia/PycharmProjects/Pysmell/pysmell/subjects/faceswap/plugins/convert/color/color_transfer.py,https://github.com/deepfakes/faceswap/blame/master/plugins/convert/color/color_transfer.py#L31,31,1,0,0,0,False
faceswap,/Users/joaocorreia/PycharmProjects/Pysmell/pysmell/subjects/faceswap/plugins/convert/color/manual_balance.py,https://github.com/deepfakes/faceswap/blame/master/plugins/convert/color/manual_balance.py#L9,9,1,0,0,0,False
faceswap,/Users/joaocorreia/PycharmProjects/Pysmell/pysmell/subjects/faceswap/plugins/convert/color/avg_color.py,https://github.com/deepfakes/faceswap/blame/master/plugins/convert/color/avg_color.py#L8,8,1,0,0,0,False
faceswap,/Users/joaocorreia/PycharmProjects/Pysmell/pysmell/subjects/faceswap/plugins/convert/color/match_hist.py,https://github.com/deepfakes/faceswap/blame/master/plugins/convert/color/match_hist.py#L9,9,1,0,0,0,False
faceswap,/Users/joaocorreia/PycharmProjects/Pysmell/pysmell/subjects/faceswap/plugins/convert/writer/pillow.py,https://github.com/deepfakes/faceswap/blame/master/plugins/convert/writer/pillow.py#L10,10,1,0,0,0,False
faceswap,/Users/joaocorreia/PycharmProjects/Pysmell/pysmell/subjects/faceswap/plugins/convert/writer/gif.py,https://github.com/deepfakes/faceswap/blame/master/plugins/convert/writer/gif.py#L11,11,1,0,0,0,False
faceswap,/Users/joaocorreia/PycharmProjects/Pysmell/pysmell/subjects/faceswap/plugins/convert/writer/ffmpeg.py,https://github.com/deepfakes/faceswap/blame/master/plugins/convert/writer/ffmpeg.py#L14,14,1,0,0,0,False
faceswap,/Users/joaocorreia/PycharmProjects/Pysmell/pysmell/subjects/faceswap/plugins/convert/writer/opencv.py,https://github.com/deepfakes/faceswap/blame/master/plugins/convert/writer/opencv.py#L10,10,1,0,0,0,False
faceswap,/Users/joaocorreia/PycharmProjects/Pysmell/pysmell/subjects/faceswap/plugins/convert/mask/box_blend.py,https://github.com/deepfakes/faceswap/blame/master/plugins/convert/mask/box_blend.py#L11,11,1,0,0,0,False
faceswap,/Users/joaocorreia/PycharmProjects/Pysmell/pysmell/subjects/faceswap/plugins/convert/mask/mask_blend.py,https://github.com/deepfakes/faceswap/blame/master/plugins/convert/mask/mask_blend.py#L10,10,1,0,0,0,False
faceswap,/Users/joaocorreia/PycharmProjects/Pysmell/pysmell/subjects/faceswap/plugins/convert/scaling/sharpen.py,https://github.com/deepfakes/faceswap/blame/master/plugins/convert/scaling/sharpen.py#L9,9,1,0,0,0,False
faceswap,/Users/joaocorreia/PycharmProjects/Pysmell/pysmell/subjects/faceswap/scripts/fsmedia.py,https://github.com/deepfakes/faceswap/blame/master/scripts/fsmedia.py#L51,51,1,0,0,0,False
faceswap,/Users/joaocorreia/PycharmProjects/Pysmell/pysmell/subjects/faceswap/scripts/fsmedia.py,https://github.com/deepfakes/faceswap/blame/master/scripts/fsmedia.py#L482,482,1,0,0,0,False
faceswap,/Users/joaocorreia/PycharmProjects/Pysmell/pysmell/subjects/faceswap/scripts/fsmedia.py,https://github.com/deepfakes/faceswap/blame/master/scripts/fsmedia.py#L508,508,1,0,0,0,False
faceswap,/Users/joaocorreia/PycharmProjects/Pysmell/pysmell/subjects/faceswap/scripts/gui.py,https://github.com/deepfakes/faceswap/blame/master/scripts/gui.py#L16,16,1,0,0,0,False
faceswap,/Users/joaocorreia/PycharmProjects/Pysmell/pysmell/subjects/faceswap/lib/logger.py,https://github.com/deepfakes/faceswap/blame/master/lib/logger.py#L14,14,1,0,0,0,False
faceswap,/Users/joaocorreia/PycharmProjects/Pysmell/pysmell/subjects/faceswap/lib/logger.py,https://github.com/deepfakes/faceswap/blame/master/lib/logger.py#L58,58,1,0,0,0,False
faceswap,/Users/joaocorreia/PycharmProjects/Pysmell/pysmell/subjects/faceswap/lib/logger.py,https://github.com/deepfakes/faceswap/blame/master/lib/logger.py#L120,120,1,0,0,0,False
faceswap,/Users/joaocorreia/PycharmProjects/Pysmell/pysmell/subjects/faceswap/lib/logger.py,https://github.com/deepfakes/faceswap/blame/master/lib/logger.py#L136,136,1,0,0,0,False
faceswap,/Users/joaocorreia/PycharmProjects/Pysmell/pysmell/subjects/faceswap/lib/utils.py,https://github.com/deepfakes/faceswap/blame/master/lib/utils.py#L348,348,1,0,0,0,False
faceswap,/Users/joaocorreia/PycharmProjects/Pysmell/pysmell/subjects/faceswap/lib/utils.py,https://github.com/deepfakes/faceswap/blame/master/lib/utils.py#L589,589,1,0,0,0,False
faceswap,/Users/joaocorreia/PycharmProjects/Pysmell/pysmell/subjects/faceswap/lib/cli/args.py,https://github.com/deepfakes/faceswap/blame/master/lib/cli/args.py#L24,24,1,0,0,0,False
faceswap,/Users/joaocorreia/PycharmProjects/Pysmell/pysmell/subjects/faceswap/lib/cli/args.py,https://github.com/deepfakes/faceswap/blame/master/lib/cli/args.py#L31,31,1,0,0,0,False
faceswap,/Users/joaocorreia/PycharmProjects/Pysmell/pysmell/subjects/faceswap/lib/cli/args.py,https://github.com/deepfakes/faceswap/blame/master/lib/cli/args.py#L268,268,1,0,0,0,False
faceswap,/Users/joaocorreia/PycharmProjects/Pysmell/pysmell/subjects/faceswap/lib/cli/args.py,https://github.com/deepfakes/faceswap/blame/master/lib/cli/args.py#L317,317,1,0,0,0,False
faceswap,/Users/joaocorreia/PycharmProjects/Pysmell/pysmell/subjects/faceswap/lib/cli/args.py,https://github.com/deepfakes/faceswap/blame/master/lib/cli/args.py#L568,568,1,0,0,0,False
faceswap,/Users/joaocorreia/PycharmProjects/Pysmell/pysmell/subjects/faceswap/lib/cli/args.py,https://github.com/deepfakes/faceswap/blame/master/lib/cli/args.py#L836,836,1,0,0,0,False
faceswap,/Users/joaocorreia/PycharmProjects/Pysmell/pysmell/subjects/faceswap/lib/cli/args.py,https://github.com/deepfakes/faceswap/blame/master/lib/cli/args.py#L1089,1089,1,0,0,0,False
faceswap,/Users/joaocorreia/PycharmProjects/Pysmell/pysmell/subjects/faceswap/lib/gui/command.py,https://github.com/deepfakes/faceswap/blame/master/lib/gui/command.py#L15,15,1,0,0,0,False
faceswap,/Users/joaocorreia/PycharmProjects/Pysmell/pysmell/subjects/faceswap/lib/gui/command.py,https://github.com/deepfakes/faceswap/blame/master/lib/gui/command.py#L101,101,1,0,0,0,False
faceswap,/Users/joaocorreia/PycharmProjects/Pysmell/pysmell/subjects/faceswap/lib/gui/command.py,https://github.com/deepfakes/faceswap/blame/master/lib/gui/command.py#L108,108,1,0,0,0,False
faceswap,/Users/joaocorreia/PycharmProjects/Pysmell/pysmell/subjects/faceswap/lib/gui/command.py,https://github.com/deepfakes/faceswap/blame/master/lib/gui/command.py#L146,146,1,0,0,0,False
faceswap,/Users/joaocorreia/PycharmProjects/Pysmell/pysmell/subjects/faceswap/lib/gui/display_analysis.py,https://github.com/deepfakes/faceswap/blame/master/lib/gui/display_analysis.py#L19,19,1,0,0,0,False
faceswap,/Users/joaocorreia/PycharmProjects/Pysmell/pysmell/subjects/faceswap/lib/gui/display_analysis.py,https://github.com/deepfakes/faceswap/blame/master/lib/gui/display_analysis.py#L363,363,1,0,0,0,False
faceswap,/Users/joaocorreia/PycharmProjects/Pysmell/pysmell/subjects/faceswap/lib/gui/popup_session.py,https://github.com/deepfakes/faceswap/blame/master/lib/gui/popup_session.py#L18,18,1,0,0,0,False
faceswap,/Users/joaocorreia/PycharmProjects/Pysmell/pysmell/subjects/faceswap/lib/gui/display_command.py,https://github.com/deepfakes/faceswap/blame/master/lib/gui/display_command.py#L21,21,1,0,0,0,False
faceswap,/Users/joaocorreia/PycharmProjects/Pysmell/pysmell/subjects/faceswap/lib/gui/display_command.py,https://github.com/deepfakes/faceswap/blame/master/lib/gui/display_command.py#L70,70,1,0,0,0,False
faceswap,/Users/joaocorreia/PycharmProjects/Pysmell/pysmell/subjects/faceswap/lib/gui/display_command.py,https://github.com/deepfakes/faceswap/blame/master/lib/gui/display_command.py#L144,144,1,0,0,0,False
faceswap,/Users/joaocorreia/PycharmProjects/Pysmell/pysmell/subjects/faceswap/lib/gui/display_command.py,https://github.com/deepfakes/faceswap/blame/master/lib/gui/display_command.py#L191,191,1,0,0,0,False
faceswap,/Users/joaocorreia/PycharmProjects/Pysmell/pysmell/subjects/faceswap/lib/gui/display.py,https://github.com/deepfakes/faceswap/blame/master/lib/gui/display.py#L19,19,1,0,0,0,False
faceswap,/Users/joaocorreia/PycharmProjects/Pysmell/pysmell/subjects/faceswap/lib/gui/menu.py,https://github.com/deepfakes/faceswap/blame/master/lib/gui/menu.py#L36,36,1,0,0,0,False
faceswap,/Users/joaocorreia/PycharmProjects/Pysmell/pysmell/subjects/faceswap/lib/gui/menu.py,https://github.com/deepfakes/faceswap/blame/master/lib/gui/menu.py#L53,53,1,0,0,0,False
faceswap,/Users/joaocorreia/PycharmProjects/Pysmell/pysmell/subjects/faceswap/lib/gui/menu.py,https://github.com/deepfakes/faceswap/blame/master/lib/gui/menu.py#L114,114,1,0,0,0,False
faceswap,/Users/joaocorreia/PycharmProjects/Pysmell/pysmell/subjects/faceswap/lib/gui/menu.py,https://github.com/deepfakes/faceswap/blame/master/lib/gui/menu.py#L230,230,1,0,0,0,False
faceswap,/Users/joaocorreia/PycharmProjects/Pysmell/pysmell/subjects/faceswap/lib/gui/menu.py,https://github.com/deepfakes/faceswap/blame/master/lib/gui/menu.py#L479,479,1,0,0,0,False
faceswap,/Users/joaocorreia/PycharmProjects/Pysmell/pysmell/subjects/faceswap/lib/gui/display_graph.py,https://github.com/deepfakes/faceswap/blame/master/lib/gui/display_graph.py#L27,27,1,0,0,0,False
faceswap,/Users/joaocorreia/PycharmProjects/Pysmell/pysmell/subjects/faceswap/lib/gui/display_graph.py,https://github.com/deepfakes/faceswap/blame/master/lib/gui/display_graph.py#L78,78,1,0,0,0,False
faceswap,/Users/joaocorreia/PycharmProjects/Pysmell/pysmell/subjects/faceswap/lib/gui/display_graph.py,https://github.com/deepfakes/faceswap/blame/master/lib/gui/display_graph.py#L265,265,1,0,0,0,False
faceswap,/Users/joaocorreia/PycharmProjects/Pysmell/pysmell/subjects/faceswap/lib/gui/display_graph.py,https://github.com/deepfakes/faceswap/blame/master/lib/gui/display_graph.py#L340,340,1,0,0,0,False
faceswap,/Users/joaocorreia/PycharmProjects/Pysmell/pysmell/subjects/faceswap/lib/gui/_config.py,https://github.com/deepfakes/faceswap/blame/master/lib/gui/_config.py#L15,15,1,0,0,0,False
faceswap,/Users/joaocorreia/PycharmProjects/Pysmell/pysmell/subjects/faceswap/lib/gui/display_page.py,https://github.com/deepfakes/faceswap/blame/master/lib/gui/display_page.py#L14,14,1,0,0,0,False
faceswap,/Users/joaocorreia/PycharmProjects/Pysmell/pysmell/subjects/faceswap/lib/gui/display_page.py,https://github.com/deepfakes/faceswap/blame/master/lib/gui/display_page.py#L162,162,1,0,0,0,False
faceswap,/Users/joaocorreia/PycharmProjects/Pysmell/pysmell/subjects/faceswap/lib/gui/popup_configure.py,https://github.com/deepfakes/faceswap/blame/master/lib/gui/popup_configure.py#L41,41,1,0,0,0,False
faceswap,/Users/joaocorreia/PycharmProjects/Pysmell/pysmell/subjects/faceswap/lib/model/losses_tf.py,https://github.com/deepfakes/faceswap/blame/master/lib/model/losses_tf.py#L17,17,1,0,0,0,False
faceswap,/Users/joaocorreia/PycharmProjects/Pysmell/pysmell/subjects/faceswap/lib/model/losses_tf.py,https://github.com/deepfakes/faceswap/blame/master/lib/model/losses_tf.py#L200,200,1,0,0,0,False
faceswap,/Users/joaocorreia/PycharmProjects/Pysmell/pysmell/subjects/faceswap/lib/model/losses_tf.py,https://github.com/deepfakes/faceswap/blame/master/lib/model/losses_tf.py#L250,250,1,0,0,0,False
faceswap,/Users/joaocorreia/PycharmProjects/Pysmell/pysmell/subjects/faceswap/lib/model/losses_tf.py,https://github.com/deepfakes/faceswap/blame/master/lib/model/losses_tf.py#L274,274,1,0,0,0,False
faceswap,/Users/joaocorreia/PycharmProjects/Pysmell/pysmell/subjects/faceswap/lib/model/losses_tf.py,https://github.com/deepfakes/faceswap/blame/master/lib/model/losses_tf.py#L395,395,1,0,0,0,False
faceswap,/Users/joaocorreia/PycharmProjects/Pysmell/pysmell/subjects/faceswap/lib/model/losses_tf.py,https://github.com/deepfakes/faceswap/blame/master/lib/model/losses_tf.py#L502,502,1,0,0,0,False
faceswap,/Users/joaocorreia/PycharmProjects/Pysmell/pysmell/subjects/faceswap/lib/model/initializers.py,https://github.com/deepfakes/faceswap/blame/master/lib/model/initializers.py#L67,67,1,0,0,0,False
faceswap,/Users/joaocorreia/PycharmProjects/Pysmell/pysmell/subjects/faceswap/lib/model/initializers.py,https://github.com/deepfakes/faceswap/blame/master/lib/model/initializers.py#L174,174,1,0,0,0,False
faceswap,/Users/joaocorreia/PycharmProjects/Pysmell/pysmell/subjects/faceswap/lib/model/layers.py,https://github.com/deepfakes/faceswap/blame/master/lib/model/layers.py#L25,25,1,0,0,0,False
faceswap,/Users/joaocorreia/PycharmProjects/Pysmell/pysmell/subjects/faceswap/lib/model/layers.py,https://github.com/deepfakes/faceswap/blame/master/lib/model/layers.py#L194,194,1,0,0,0,False
faceswap,/Users/joaocorreia/PycharmProjects/Pysmell/pysmell/subjects/faceswap/lib/model/layers.py,https://github.com/deepfakes/faceswap/blame/master/lib/model/layers.py#L388,388,1,0,0,0,False
faceswap,/Users/joaocorreia/PycharmProjects/Pysmell/pysmell/subjects/faceswap/lib/model/layers.py,https://github.com/deepfakes/faceswap/blame/master/lib/model/layers.py#L520,520,1,0,0,0,False
faceswap,/Users/joaocorreia/PycharmProjects/Pysmell/pysmell/subjects/faceswap/lib/model/layers.py,https://github.com/deepfakes/faceswap/blame/master/lib/model/layers.py#L564,564,1,0,0,0,False
faceswap,/Users/joaocorreia/PycharmProjects/Pysmell/pysmell/subjects/faceswap/lib/model/layers.py,https://github.com/deepfakes/faceswap/blame/master/lib/model/layers.py#L589,589,1,0,0,0,False
faceswap,/Users/joaocorreia/PycharmProjects/Pysmell/pysmell/subjects/faceswap/lib/model/layers.py,https://github.com/deepfakes/faceswap/blame/master/lib/model/layers.py#L614,614,1,0,0,0,False
faceswap,/Users/joaocorreia/PycharmProjects/Pysmell/pysmell/subjects/faceswap/lib/model/normalization.py,https://github.com/deepfakes/faceswap/blame/master/lib/model/normalization.py#L13,13,1,0,0,0,False
pix2code,/Users/joaocorreia/PycharmProjects/Pysmell/pysmell/subjects/pix2code/model/classes/model/pix2code.py,https://github.com/tonybeltramelli/pix2code/blame/master/model/classes/model/pix2code.py#L14,14,1,0,0,0,False
Detectron,/Users/joaocorreia/PycharmProjects/Pysmell/pysmell/subjects/Detectron/detectron/datasets/json_dataset.py,https://github.com/facebookresearch/Detectron/blame/master/detectron/datasets/json_dataset.py#L51,51,1,0,0,0,False
Detectron,/Users/joaocorreia/PycharmProjects/Pysmell/pysmell/subjects/Detectron/detectron/tests/test_loader.py,https://github.com/facebookresearch/Detectron/blame/master/detectron/tests/test_loader.py#L87,87,1,0,0,0,False
Detectron,/Users/joaocorreia/PycharmProjects/Pysmell/pysmell/subjects/Detectron/detectron/tests/test_spatial_narrow_as_op.py,https://github.com/facebookresearch/Detectron/blame/master/detectron/tests/test_spatial_narrow_as_op.py#L33,33,1,0,0,0,False
Detectron,/Users/joaocorreia/PycharmProjects/Pysmell/pysmell/subjects/Detectron/detectron/tests/test_cfg.py,https://github.com/facebookresearch/Detectron/blame/master/detectron/tests/test_cfg.py#L32,32,1,0,0,0,False
Detectron,/Users/joaocorreia/PycharmProjects/Pysmell/pysmell/subjects/Detectron/detectron/tests/test_cfg.py,https://github.com/facebookresearch/Detectron/blame/master/detectron/tests/test_cfg.py#L67,67,1,0,0,0,False
Detectron,/Users/joaocorreia/PycharmProjects/Pysmell/pysmell/subjects/Detectron/detectron/tests/test_smooth_l1_loss_op.py,https://github.com/facebookresearch/Detectron/blame/master/detectron/tests/test_smooth_l1_loss_op.py#L33,33,1,0,0,0,False
Detectron,/Users/joaocorreia/PycharmProjects/Pysmell/pysmell/subjects/Detectron/detectron/tests/test_bbox_transform.py,https://github.com/facebookresearch/Detectron/blame/master/detectron/tests/test_bbox_transform.py#L34,34,1,0,0,0,False
Detectron,/Users/joaocorreia/PycharmProjects/Pysmell/pysmell/subjects/Detectron/detectron/tests/test_zero_even_op.py,https://github.com/facebookresearch/Detectron/blame/master/detectron/tests/test_zero_even_op.py#L31,31,1,0,0,0,False
Detectron,/Users/joaocorreia/PycharmProjects/Pysmell/pysmell/subjects/Detectron/detectron/tests/test_batch_permutation_op.py,https://github.com/facebookresearch/Detectron/blame/master/detectron/tests/test_batch_permutation_op.py#L33,33,1,0,0,0,False
Detectron,/Users/joaocorreia/PycharmProjects/Pysmell/pysmell/subjects/Detectron/detectron/utils/logging.py,https://github.com/facebookresearch/Detectron/blame/master/detectron/utils/logging.py#L41,41,1,0,0,0,False
Detectron,/Users/joaocorreia/PycharmProjects/Pysmell/pysmell/subjects/Detectron/detectron/utils/coordinator.py,https://github.com/facebookresearch/Detectron/blame/master/detectron/utils/coordinator.py#L32,32,1,0,0,0,False
Detectron,/Users/joaocorreia/PycharmProjects/Pysmell/pysmell/subjects/Detectron/detectron/utils/timer.py,https://github.com/facebookresearch/Detectron/blame/master/detectron/utils/timer.py#L34,34,1,0,0,0,False
Detectron,/Users/joaocorreia/PycharmProjects/Pysmell/pysmell/subjects/Detectron/detectron/utils/training_stats.py,https://github.com/facebookresearch/Detectron/blame/master/detectron/utils/training_stats.py#L37,37,1,0,0,0,False
Detectron,/Users/joaocorreia/PycharmProjects/Pysmell/pysmell/subjects/Detectron/detectron/utils/collections.py,https://github.com/facebookresearch/Detectron/blame/master/detectron/utils/collections.py#L24,24,1,0,0,0,False
Detectron,/Users/joaocorreia/PycharmProjects/Pysmell/pysmell/subjects/Detectron/detectron/utils/model_convert_utils.py,https://github.com/facebookresearch/Detectron/blame/master/detectron/utils/model_convert_utils.py#L31,31,1,0,0,0,False
Detectron,/Users/joaocorreia/PycharmProjects/Pysmell/pysmell/subjects/Detectron/detectron/modeling/detector.py,https://github.com/facebookresearch/Detectron/blame/master/detectron/modeling/detector.py#L43,43,1,0,0,0,False
Detectron,/Users/joaocorreia/PycharmProjects/Pysmell/pysmell/subjects/Detectron/detectron/ops/generate_proposals.py,https://github.com/facebookresearch/Detectron/blame/master/detectron/ops/generate_proposals.py#L30,30,1,0,0,0,False
Detectron,/Users/joaocorreia/PycharmProjects/Pysmell/pysmell/subjects/Detectron/detectron/ops/generate_proposal_labels.py,https://github.com/facebookresearch/Detectron/blame/master/detectron/ops/generate_proposal_labels.py#L31,31,1,0,0,0,False
Detectron,/Users/joaocorreia/PycharmProjects/Pysmell/pysmell/subjects/Detectron/detectron/ops/collect_and_distribute_fpn_rpn_proposals.py,https://github.com/facebookresearch/Detectron/blame/master/detectron/ops/collect_and_distribute_fpn_rpn_proposals.py#L31,31,1,0,0,0,False
Detectron,/Users/joaocorreia/PycharmProjects/Pysmell/pysmell/subjects/Detectron/detectron/roi_data/loader.py,https://github.com/facebookresearch/Detectron/blame/master/detectron/roi_data/loader.py#L66,66,1,0,0,0,False
Real-Time-Voice-Cloning,/Users/joaocorreia/PycharmProjects/Pysmell/pysmell/subjects/Real-Time-Voice-Cloning/encoder_preprocess.py,https://github.com/CorentinJ/Real-Time-Voice-Cloning/blame/master/encoder_preprocess.py#L7,7,2,0,1,0,True
Real-Time-Voice-Cloning,/Users/joaocorreia/PycharmProjects/Pysmell/pysmell/subjects/Real-Time-Voice-Cloning/vocoder_preprocess.py,https://github.com/CorentinJ/Real-Time-Voice-Cloning/blame/master/vocoder_preprocess.py#L9,9,2,0,1,0,True
Real-Time-Voice-Cloning,/Users/joaocorreia/PycharmProjects/Pysmell/pysmell/subjects/Real-Time-Voice-Cloning/encoder/model.py,https://github.com/CorentinJ/Real-Time-Voice-Cloning/blame/master/encoder/model.py#L12,12,1,0,0,0,False
Real-Time-Voice-Cloning,/Users/joaocorreia/PycharmProjects/Pysmell/pysmell/subjects/Real-Time-Voice-Cloning/synthesizer/models/attention.py,https://github.com/CorentinJ/Real-Time-Voice-Cloning/blame/master/synthesizer/models/attention.py#L95,95,1,0,0,0,False
Real-Time-Voice-Cloning,/Users/joaocorreia/PycharmProjects/Pysmell/pysmell/subjects/Real-Time-Voice-Cloning/synthesizer/models/modules.py,https://github.com/CorentinJ/Real-Time-Voice-Cloning/blame/master/synthesizer/models/modules.py#L92,92,1,0,0,0,False
Real-Time-Voice-Cloning,/Users/joaocorreia/PycharmProjects/Pysmell/pysmell/subjects/Real-Time-Voice-Cloning/synthesizer/models/helpers.py,https://github.com/CorentinJ/Real-Time-Voice-Cloning/blame/master/synthesizer/models/helpers.py#L6,6,1,0,0,0,False
Real-Time-Voice-Cloning,/Users/joaocorreia/PycharmProjects/Pysmell/pysmell/subjects/Real-Time-Voice-Cloning/synthesizer/models/helpers.py,https://github.com/CorentinJ/Real-Time-Voice-Cloning/blame/master/synthesizer/models/helpers.py#L62,62,1,0,0,0,False
Real-Time-Voice-Cloning,/Users/joaocorreia/PycharmProjects/Pysmell/pysmell/subjects/Real-Time-Voice-Cloning/synthesizer/models/custom_decoder.py,https://github.com/CorentinJ/Real-Time-Voice-Cloning/blame/master/synthesizer/models/custom_decoder.py#L13,13,1,0,0,0,False
Real-Time-Voice-Cloning,/Users/joaocorreia/PycharmProjects/Pysmell/pysmell/subjects/Real-Time-Voice-Cloning/synthesizer/models/custom_decoder.py,https://github.com/CorentinJ/Real-Time-Voice-Cloning/blame/master/synthesizer/models/custom_decoder.py#L18,18,1,0,0,0,False
Real-Time-Voice-Cloning,/Users/joaocorreia/PycharmProjects/Pysmell/pysmell/subjects/Real-Time-Voice-Cloning/synthesizer/models/architecture_wrappers.py,https://github.com/CorentinJ/Real-Time-Voice-Cloning/blame/master/synthesizer/models/architecture_wrappers.py#L16,16,1,0,0,0,False
Real-Time-Voice-Cloning,/Users/joaocorreia/PycharmProjects/Pysmell/pysmell/subjects/Real-Time-Voice-Cloning/synthesizer/models/architecture_wrappers.py,https://github.com/CorentinJ/Real-Time-Voice-Cloning/blame/master/synthesizer/models/architecture_wrappers.py#L46,46,1,0,0,0,False
Real-Time-Voice-Cloning,/Users/joaocorreia/PycharmProjects/Pysmell/pysmell/subjects/Real-Time-Voice-Cloning/synthesizer/models/architecture_wrappers.py,https://github.com/CorentinJ/Real-Time-Voice-Cloning/blame/master/synthesizer/models/architecture_wrappers.py#L67,67,1,0,0,0,False
